community_key,community_code,community
1,01B,01B
2,01C,01C
3,01F,01F
4,01H,01H
5,01K,01K
6,02B,02B
7,02C,02C
8,02E,02E
9,02F,02F
10,02K,02K
11,02L,02L
12,03W,03W
13,05D,05D
14,05E,05E
15,05F,05F
16,05G,05G
17,06A,06A
18,06B,06B
19,06C,06C
20,09D,09D
21,09H,09H
22,09O,09O
23,09P,09P
24,09Q,09Q
25,10D,10D
26,10E,10E
27,11B,11B
28,12A,12A
29,12B,12B
30,12C,12C
31,12J,12J
32,12K,12K
33,12L,12L
34,13C,13C
35,13E,13E
36,13F,13F
37,13G,13G
38,13H,13H
39,13I,13I
40,13J,13J
41,13M,13M
42,13N,13N
43,ABB,ABBEYDALE
44,ABP,AURORA BUSINESS PARK
45,ABR,AMBLERIDGE
46,ACA,ACADIA
47,ALB,ALBERT PARK/RADISSON HEIGHTS
48,ALP,ALPINE PARK
49,ALT,ALTADORE
50,APP,APPLEWOOD PARK
51,ARB,ARBOUR LAKE
52,ASP,ASPEN WOODS
53,AUB,AUBURN BAY
54,AYB,ALYTH/BONNYBROOK
55,BDO,BONAVISTA DOWNS
56,BED,BEDDINGTON HEIGHTS
57,BEL,BEL-AIRE
58,BLM,BELMONT
59,BLN,BELTLINE
60,BNF,BANFF TRAIL
61,BNK,BANKVIEW
62,BOW,BOWNESS
63,BRA,BRAESIDE
64,BRD,BRIDGELAND/RIVERSIDE
65,BRE,BRENTWOOD
66,BRI,BRIDLEWOOD
67,BRT,BRITANNIA
68,BUR,BURNS INDUSTRIAL
69,BVD,BELVEDERE
70,BYV,BAYVIEW
71,CAM,CAMBRIAN HEIGHTS
72,CAN,CANYON MEADOWS
73,CAP,CAPITOL HILL
74,CAR,CARRINGTON
75,CAS,CASTLERIDGE
76,CED,CEDARBRAE
77,CGR,COUGAR RIDGE
78,CHA,CHAPARRAL
79,CHK,CHINOOK PARK
80,CHN,CHINATOWN
81,CHR,CHRISTIE PARK
82,CHV,COUNTRY HILLS VILLAGE
83,CHW,CHARLESWOOD
84,CIA,CALGARY INTERNATIONAL AIRPORT
85,CIT,CITADEL
86,CLI,CLIFF BUNGALOW
87,CNS,CORNERSTONE
88,COA,COACH HILL
89,COL,COLLINGWOOD
90,COP,CANADA OLYMPIC PARK
91,COR,CORAL SPRINGS
92,COU,COUNTRY HILLS
93,COV,COVENTRY HILLS
94,CPF,COPPERFIELD
95,CRA,CRANSTON
96,CRE,CRESCENT HEIGHTS
97,CRM,CRESTMONT
98,CSC,CITYSCAPE
99,CUR,CURRIE BARRACKS
100,DAL,DALHOUSIE
101,DBC,DEERFOOT BUSINESS CENTRE
102,DDG,DOUGLASDALE/GLEN
103,DIA,DIAMOND COVE
104,DIS,DISCOVERY RIDGE
105,DNC,DOWNTOWN COMMERCIAL CORE
106,DNE,DOWNTOWN EAST VILLAGE
107,DNW,DOWNTOWN WEST END
108,DOV,DOVER
109,DRG,DEER RIDGE
110,DRN,DEER RUN
111,EAG,EAGLE RIDGE
112,EAU,EAU CLAIRE
113,EDG,EDGEMONT
114,EFI,EASTFIELD
115,EFV,EAST FAIRVIEW INDUSTRIAL
116,EPK,ELBOW PARK
117,ERI,ERIN WOODS
118,ERL,ERLTON
119,ESH,EAST SHEPARD INDUSTRIAL
120,EVE,EVERGREEN
121,EVN,EVANSTON
122,EYA,ELBOYA
123,FAI,FAIRVIEW
124,FAL,FALCONRIDGE
125,FHI,FOOTHILLS
126,FHT,FOREST HEIGHTS
127,FLI,FOREST LAWN INDUSTRIAL
128,FLN,FOREST LAWN
129,FPK,FISH CREEK PARK
130,FRA,FRANKLIN
131,FVI,FAIRVIEW INDUSTRIAL
132,GAG,GARRISON GREEN
133,GAW,GARRISON WOODS
134,GBK,GLENBROOK
135,GBP,GLENDEER BUSINESS PARK
136,GDL,GLENDALE
137,GLA,GLAMORGAN
138,GLR,GLACIER RIDGE
139,GPE,GREAT PLAINS EAST
140,GPI,GREAT PLAINS
141,GPK,GLENMORE PARK
142,GRE,GREENWOOD/GREENBRIAR
143,GRI,GREENVIEW INDUSTRIAL PARK
144,GRV,GREENVIEW
145,GTI,GOLDEN TRIANGLE
146,HAM,HAMPTONS
147,HAR,HARVEST HILLS
148,HAW,HAWKWOOD
149,HAY,HAYSBORO
150,HID,HIDDEN VALLEY
151,HIF,HIGHFIELD
152,HIL,HILLHURST
153,HIW,HIGHWOOD
154,HKS,HOTCHKISS
155,HOR,HORIZON
156,HOU,HOUNSFIELD HEIGHTS/BRIAR HILL
157,HPK,HIGHLAND PARK
158,HSD,HOMESTEAD
159,HSN,HASKAYNE
160,HUN,HUNTINGTON HILLS
161,HUX,HUXLEY
162,ING,INGLEWOOD
163,KCA,KINCORA
164,KEL,KELVIN GROVE
165,KIL,KILLARNEY/GLENGARRY
166,KIN,KINGSLAND
167,KSH,KEYSTONE HILLS
168,LEB,LEWISBURG
169,LEG,LEGACY
170,LIV,LIVINGSTON
171,LKB,LAKE BONAVISTA
172,LKV,LAKEVIEW
173,LMR,LOWER MOUNT ROYAL
174,LPK,LINCOLN PARK
175,MAC,MACEWAN GLEN
176,MAF,MAYFAIR
177,MAH,MAHOGANY
178,MAL,MAYLAND HEIGHTS
179,MAN,MANCHESTER
180,MCI,MCCALL
181,MCK,MCKENZIE LAKE
182,MCT,MCKENZIE TOWNE
183,MDH,MEDICINE HILL
184,MEA,MEADOWLARK PARK
185,MER,MERIDIAN
186,MID,MIDNAPORE
187,MIS,MISSION
188,MLI,MAYLAND
189,MLR,MILLRISE
190,MNI,MANCHESTER INDUSTRIAL
191,MON,MONTGOMERY
192,MOP,MOUNT PLEASANT
193,MOR,MONTEREY PARK
194,MPK,MARLBOROUGH PARK
195,MPL,MAPLE RIDGE
196,MRL,MARLBOROUGH
197,MRN,MORAINE
198,MRT,MARTINDALE
199,N/A,12A
200,N/A,12K
201,N/A,N/A
202,NAW,NORTH AIRWAYS
203,NEB,NEW BRIGHTON
204,NGM,NORTH GLENMORE PARK
205,NHU,NORTH HAVEN UPPER
206,NHV,NORTH HAVEN
207,NOL,NOLAN HILL
208,NPK,NOSE HILL PARK
209,OAK,OAKRIDGE
210,OGD,OGDEN
211,OPH,OSPREY HILL
212,OSH,OGDEN SHOPS
213,PAL,PALLISER
214,PAN,PANORAMA HILLS
215,PAT,PATTERSON
216,PCK,PINE CREEK
217,PEG,PEGASUS
218,PEN,PENBROOKE MEADOWS
219,PIN,PINERIDGE
220,PKD,PARKDALE
221,PKH,PARKHILL
222,PKL,PARKLAND
223,POI,POINT MCKAY
224,PUM,PUMP HILL
225,QLD,QUEENSLAND
226,QPK,QUEENS PARK VILLAGE
227,RAM,RAMSAY
228,RAN,RANCHLANDS
229,RCK,ROSSCARROCK
230,RDL,ROSEDALE
231,RED,RED CARPET
232,REN,RENFREW
233,RIC,RICHMOND
234,RID,RIDEAU PARK
235,RIV,RIVERBEND
236,RMT,ROSEMONT
237,ROC,ROCKY RIDGE
238,ROX,ROXBORO
239,ROY,ROYAL OAK
240,RRC,RICARDO RANCH
241,RSN,REDSTONE
242,RUN,RUNDLE
243,RUT,RUTLAND PARK
244,RVW,RANGEVIEW
245,RYV,ROYAL VISTA
246,S23,SECTION 23
247,SAD,SADDLE RIDGE
248,SAN,SANDSTONE VALLEY
249,SAW,SOUTH AIRWAYS
250,SCA,SCARBORO
251,SCE,SCENIC ACRES
252,SDC,SUNDANCE
253,SET,SETON
254,SFH,SOUTH FOOTHILLS
255,SGH,SAGE HILL
256,SGL,STONEGATE LANDING
257,SHG,SHAGANAPPI
258,SHI,SHEPARD INDUSTRIAL
259,SHN,SHAWNESSY
260,SHS,SHAWNEE SLOPES
261,SHW,SHERWOOD
262,SIG,SIGNAL HILL
263,SIL,SILVER SPRINGS
264,SKE,SKYLINE EAST
265,SKR,SKYVIEW RANCH
266,SKW,SKYLINE WEST
267,SNA,SUNALTA
268,SOC,SOUTH CALGARY
269,SOM,SOMERSET
270,SOV,SOUTHVIEW
271,SOW,SOUTHWOOD
272,SPH,SPRINGBANK HILL
273,SPR,SPRUCE CLIFF
274,SRI,SADDLE RIDGE INDUSTRIAL
275,SSD,SUNNYSIDE
276,SSW,SCARBORO/SUNALTA WEST
277,ST1,STONEY 1
278,ST2,STONEY 2
279,ST3,STONEY 3
280,ST4,STONEY 4
281,STA,ST. ANDREWS HEIGHTS
282,STD,STARFIELD
283,STE,STARFIELD EAST
284,STR,STRATHCONA PARK
285,SUN,SUNRIDGE
286,SVO,SILVERADO
287,SVR,SYMONS VALLEY RANCH
288,TAR,TARADALE
289,TEM,TEMPLE
290,THO,THORNCLIFFE
291,THS,TWINHILLS
292,TUS,TUSCANY
293,TUX,TUXEDO PARK
294,UMR,UPPER MOUNT ROYAL
295,UND,UNIVERSITY DISTRICT
296,UNI,UNIVERSITY HEIGHTS
297,UOC,UNIVERSITY OF CALGARY
298,Unknown,Unknown
299,VAF,VALLEYFIELD
300,VAL,VALLEY RIDGE
301,VAR,VARSITY
302,VIS,VISTA HEIGHTS
303,WAL,WALDEN
304,WBN,WOODBINE
305,WES,WESTWINDS
306,WGT,WESTGATE
307,WHI,WHITEHORN
308,WHL,WEST HILLHURST
309,WIL,WILLOW PARK
310,WIN,WINSTON HEIGHTS/MOUNTVIEW
311,WLD,WILDWOOD
312,WND,WINDSOR PARK
313,WOO,WOODLANDS
314,WSP,WEST SPRINGS
315,WWO,WOLF WILLOW
316,YKV,YORKVILLE
