service_name,agency,requests,open_at_snapshot,closure_sample,mean_closure_days,open_30_plus
WRS - Cart Management,OS - Waste and Recycling Services,23352,42,23310,3.22,0
Parks - Tree Concern - GIS,OS - Parks and Open Spaces,12908,836,12072,10.28,384
Corporate - Graffiti Concerns,CS - Emergency Management and Community Safety,11034,529,10505,10.54,327
Bylaw - Long Grass - Weeds Infraction,CS - Emergency Management and Community Safety,9984,867,9117,27.03,411
WRS - Recycling - Blue Cart,OS - Waste and Recycling Services,9265,2,9263,1.44,0
WRS - Waste - Residential,OS - Waste and Recycling Services,9215,4,9211,1.62,0
Bylaw - Material on Public Property,CS - Emergency Management and Community Safety,7811,578,7233,10.6,345
AT - Property Tax Account Inquiry,CPFS - Assessment and Tax,7326,0,7326,2.81,0
AT - Assessed Value,CPFS - Assessment and Tax,7294,11,7283,8.0,1
Roads - Pothole Maintenance,OS - Mobility,7117,267,6850,3.44,224
WRS - Compost - Green Cart,OS - Waste and Recycling Services,6847,2,6845,1.51,0
WRS - New Service - Carts,OS - Waste and Recycling Services,6128,18,6110,2.41,0
Bylaw - Snow and Ice on Sidewalk,CS - Emergency Management and Community Safety,6007,24,5983,6.72,24
Roads - Debris on Street/Sidewalk/Boulevard,OS - Mobility,5869,752,5117,6.03,662
Bylaw - Noise Concerns,CS - Emergency Management and Community Safety,5583,399,5184,10.51,261
Corporate - Encampment Concerns,CS - Emergency Management and Community Safety,5371,325,5046,5.59,171
Roads - Signs - Missing - Damaged,OS - Mobility,5358,2746,2612,13.77,2502
RSP - Subsidized Programs - Fair Entry,CS - Recreation and Social Programs,5323,92,5231,7.71,1
AT - Property Tax Bill and Statement Request,CPFS - Assessment and Tax,5065,63,5002,2.23,7
Roads - Dead Animal Pick-Up,OS - Mobility,5018,13,5005,0.12,10
WATS - Sewage Back-up,OS - Water Services,4406,2,4404,0.38,0
Parks - Garbage - GIS,OS - Parks and Open Spaces,4217,31,4186,3.81,7
WRS - Debris in Backlane,OS - Waste and Recycling Services,4087,3,4084,2.38,0
Roads - Backlane Maintenance,OS - Mobility,3983,822,3161,14.22,680
Bylaw - Disturbance and Behavioural Concerns,CS - Emergency Management and Community Safety,3911,958,2953,6.22,740
Roads - Snow and Ice Control,OS - Mobility,3604,98,3506,1.21,98
GFL - Black Cart Collection,OSC - Waste and Recycling Services,3531,12,3519,2.65,0
Roads - Roadway Maintenance,OS - Mobility,3418,706,2712,9.35,629
WATS - Sewer Maintenance,OS - Water Services,3305,138,3167,13.68,11
CFD - Business Licence Inspection - FHB,CS - Calgary Fire,3254,174,3080,12.29,87
Roads - Traffic or Pedestrian Light Repair,OS - Mobility,3198,6,3192,0.58,5
WRS - Commercial Collection Services,OS - Waste and Recycling Services,3104,7,3097,1.44,0
Roads - Sidewalk - Curb and Gutter Repair,OS - Mobility,3041,1404,1637,7.06,1404
CT - Bus Stops,OS - Calgary Transit,3029,422,2607,16.72,223
CT - Bus Route or Bus Schedule,OS - Calgary Transit,3008,445,2563,20.54,108
Bylaw - Tree - Shrub Infraction,CS - Emergency Management and Community Safety,2891,432,2459,15.43,300
Bylaw - Waste and Recycling Infractions,CS - Emergency Management and Community Safety,2866,143,2723,8.65,74
Roads - Signs - Traffic and Roadmarking,OS - Mobility,2820,1357,1463,17.45,1101
Roads - Streetlight Maintenance,OS - Mobility,2692,7,2685,2.1,5
WRS - Programs,OS - Waste and Recycling Services,2629,19,2610,1.9,0
Roads - Temporary Sign Removal,OS - Mobility,2609,113,2496,10.86,10
AT - Property Tax Invoice and Charge Inquiry,CPFS - Assessment and Tax,2581,47,2534,4.35,16
CT - Lost Property,OS - Calgary Transit,2580,133,2447,8.31,2
Roads - Signs - Parking,OS - Mobility,2482,683,1799,14.3,519
Roads - Traffic Signal Timing Inquiry,OS - Mobility,2463,27,2436,3.03,16
AS - Animal at Large,CS - Emergency Management and Community Safety,2394,58,2336,3.86,29
WATS - Catch Basin Concerns,OS - Water Services,2373,22,2351,4.05,9
DBBS - PRC - Property Research,"PDS - Development, Business and Building Services",2334,740,1594,37.74,324
WATS - Water Meter Issues,OS - Water Services,2330,113,2217,8.13,9
Parks - Infrastructure - GIS,OS - Parks and Open Spaces,2269,39,2230,5.22,8
AS - Pick Up Stray,CS - Emergency Management and Community Safety,2112,10,2102,0.26,7
DBBS - RIM - Property Research,"PDS - Development, Business and Building Services",2104,4,2100,32.35,4
Roads - Pathway Concerns,OS - Mobility,2097,8,2089,3.98,4
WATS - Service and Main Valve Issues,OS - Water Services,2094,355,1739,52.11,229
Parks - Wildlife Sightings,OS - Parks and Open Spaces,2068,2,2066,0.0,2
Parks - Maintenance - GIS,OS - Parks and Open Spaces,2039,20,2019,5.13,6
Bylaw - Vehicle Concerns,CS - Emergency Management and Community Safety,1996,943,1053,13.61,772
AS - Animal Noise,CS - Emergency Management and Community Safety,1870,29,1841,3.08,23
Parks - Wildlife Management,OS - Parks and Open Spaces,1852,2,1850,0.96,0
Parks - Tree Planting and Tree Watering Inquiries - GIS,OS - Parks and Open Spaces,1828,128,1700,10.13,73
CT - Transit Pass Programs,OS - Calgary Transit,1823,9,1814,13.89,5
Roads - Detour Inquiry,OS - Mobility,1795,22,1773,3.75,3
Recreation - School Facility Booking Application,CS - Recreation and Social Programs,1748,92,1656,20.35,49
Community Safety - Information Request,CS - Emergency Management and Community Safety,1746,99,1647,8.22,52
Opinions on Business Units,Corporate Wide Service Requests,1700,13,1687,0.53,7
Roads - Pathway Snow and Ice Concerns,OS - Mobility,1634,0,1634,5.24,0
Parks - Mowing Request - GIS,OS - Parks and Open Spaces,1520,9,1511,5.03,3
Bylaw - Property Maintenance Concerns,CS - Emergency Management and Community Safety,1512,120,1392,12.4,77
Parks - Venue Bookings and Inquiries,OS - Parks and Open Spaces,1428,7,1421,3.56,0
Roads - NEW Sidewalk - Curb and Gutter Repair,OS - Mobility,1421,951,470,13.94,653
CT AC - Activity Report - CTA INTERNAL,OS - Calgary Transit,1418,8,1410,1.75,4
WATS - Water Main Break or Leak,OS - Water Services,1414,10,1404,0.19,9
Recreation - Arena Booking Application,CS - Recreation and Social Programs,1384,9,1375,5.67,4
Parks - Natural Area Maintenance - GIS,OS - Parks and Open Spaces,1367,21,1346,5.99,5
Roads - Detour Urgent (Safety) Concerns,OS - Mobility,1345,14,1331,3.41,5
AT - Property Tax Payment Adjustments and Tax Programs,CPFS - Assessment and Tax,1329,43,1286,6.22,8
Business Safety - Business Licence Concern - RMS,CS - Emergency Management and Community Safety,1317,120,1197,14.85,64
Parks - Roadside Greens - GIS,OS - Parks and Open Spaces,1290,59,1231,5.33,16
Roads - Safety and Education,OS - Mobility,1283,457,826,28.23,341
Recreation - Athletic Park Booking Application,CS - Recreation and Social Programs,1246,57,1189,10.03,46
AT - TIPP Agreement Request,CPFS - Assessment and Tax,1198,23,1175,9.04,7
AT - ONLINE TIPP Information Request,CPFS - Assessment and Tax,1195,7,1188,4.41,0
Recreation - Playfield Booking Application,CS - Recreation and Social Programs,1150,3,1147,15.05,2
WATS - Construction Inquiry - MAX,OS - Water Services,1080,8,1072,2.63,4
HR - Recruitment and Program Inquiry,PICS - Human Resources,1079,27,1052,1.37,23
AT - Assessment General Inquiry,CPFS - Assessment and Tax,1069,11,1058,4.86,2
CFD - Fire Code and General Inquiries - FHB,CS - Calgary Fire,1054,23,1031,4.34,14
After Hours Transit - General Concerns,OS - Calgary Transit,1042,41,1001,3.22,2
Parks - Parks and Open Spaces Bookings,OS - Parks and Open Spaces,1034,44,990,38.63,28
WATS - Water Off-On Appointment,OS - Water Services,1030,21,1009,12.44,2
Parks - Irrigation Maintenance - GIS,OS - Parks and Open Spaces,957,39,918,3.94,32
CFD - Provincial Licence Inspection - FHB,CS - Calgary Fire,945,28,917,15.19,12
CT AC - Trip Feedback - Checker Taxi,OSC - Calgary Transit,936,1,935,1.0,1
RSP - Home Services for Seniors Inquiry,CS - Recreation and Social Programs,929,0,929,3.51,0
Finance - Credit and Collection Inquiries,CPFS - Finance,908,2,906,2.29,1
WATS - Fire Hydrant,OS - Water Services,908,21,887,8.64,14
WATS - Water Meter Installation Request,OS - Water Services,894,27,867,13.54,10
Roads - Street Cleaning Annual Program,OS - Mobility,879,127,752,13.36,127
ACPL - Animal Licence - Inquiries,CS - Emergency Management and Community Safety,863,3,860,0.55,1
Roads - Permits - Requests and Inquiries,OS - Mobility,853,13,840,3.12,13
Roads - Fence - Noise Barrier - Retaining Wall Repair,OS - Mobility,851,179,672,18.94,155
DBBS Concern - Building Without a Permit,"PDS - Development, Business and Building Services",824,9,815,4.86,1
ACPL - Lost and Found Animal,CS - Emergency Management and Community Safety,809,11,798,1.11,7
WATS - Water Outage,OS - Water Services,800,14,786,0.9,9
CT AC - Trip Feedback - CTA,OS - Calgary Transit,796,43,753,9.54,10
CT - CTrain Stations,OS - Calgary Transit,792,111,681,21.83,61
WATS - Spills Entering Storm System,OS - Water Services,789,6,783,2.1,4
DBBS - Code Inquiry,"PDS - Development, Business and Building Services",788,1,787,1.37,0
"Roads - NEW Signal, Left Turn or Pedestrian Light Request",OS - Mobility,780,613,167,47.1,613
DBBS - Building Construction Concerns and Inquiries,"PDS - Development, Business and Building Services",759,2,757,2.24,2
WATS - Emergency Water Temporary Off,OS - Water Services,757,3,754,0.23,3
DBBS - Planning and Development - After Hours SR,"PDS - Development, Business and Building Services",739,5,734,7.78,0
Parks - Weed Control Issues - GIS,OS - Parks and Open Spaces,726,4,722,4.65,2
WATS - Erosion and Sediment Control,OS - Water Services,725,239,486,59.48,203
CFD - Lockbox Inquiry - FHB,CS - Calgary Fire,722,28,694,12.45,8
WATS - Manhole Concerns,OS - Water Services,720,26,694,10.8,0
CFD - Fire Station Tour,CS - Calgary Fire,714,7,707,3.64,1
WATS - Water Pressure Issues,OS - Water Services,687,27,660,7.32,7
Bylaw - Permit - Noise Exemption,CS - Emergency Management and Community Safety,682,5,677,8.67,1
WATS - Cross Connection Tester Support - ONLINE,OS - Water Services,673,5,668,8.49,0
WATS - Water Quality,OS - Water Services,658,0,658,4.81,0
UEP - Odour Inquiries,OS - Water Services,651,7,644,4.63,3
WATS - Cross Connection Inquiries,OS - Water Services,630,5,625,9.24,0
Roads - Streetlight Damage,OS - Mobility,614,0,614,0.72,0
Law - Risk Management and Claims,LLSS - Law,607,0,607,2.04,0
Recreation - Pool Booking Application,CS - Recreation and Social Programs,591,43,548,18.2,17
Parks - PlayBins,OS - Parks and Open Spaces,582,12,570,2.88,0
WRS - Employee - Complaint Compliment,OS - Waste and Recycling Services,581,0,581,1.55,0
WATS - Urgent Water Reconnect,OS - Water Services,552,13,539,4.41,6
DBBS - SDI - New Subdivision Parks Inspection,"PDS - Development, Business and Building Services",544,67,477,12.97,27
Parks - Pest Concerns - GIS,OS - Parks and Open Spaces,534,6,528,6.46,1
Parks - Natural Area Inquiries - GIS,OS - Parks and Open Spaces,517,36,481,13.6,8
CFD - Fire Code Hazard Complaint - FHB,CS - Calgary Fire,502,13,489,6.01,7
Parks - Development - Tree Concern - GIS,OS - Parks and Open Spaces,496,34,462,14.16,15
Bylaw - Water Misuse / Wasting Concern,CS - Emergency Management and Community Safety,487,33,454,8.0,27
UD - Major Projects Inquiry,IS - Utilities Delivery,477,13,464,5.64,5
AT - Tax Account Maintenance,CPFS - Assessment and Tax,456,9,447,5.9,2
DBBS - Safety Response,"PDS - Development, Business and Building Services",455,0,455,3.7,0
Roads - Traffic Operational Improvement Suggestions,OS - Mobility,453,7,446,3.98,7
CT - Advertising and Communications,OS - Calgary Transit,449,136,313,19.97,104
CT - Transit Safety / Public Etiquette,OS - Calgary Transit,446,98,348,11.56,49
Stewardship of City Owned Land,IS - Real Estate and Development Services,441,20,421,6.72,11
AS - Dog Defecation,CS - Emergency Management and Community Safety,427,2,425,4.59,0
AT - ONLINE Property Tax Document Request,CPFS - Assessment and Tax,426,0,426,1.9,0
CT AC - Trip Feedback - Care Calgary,OSC - Calgary Transit,419,1,418,1.84,0
Roads - Streetlight - General Inquiry,OS - Mobility,415,44,371,27.78,15
"Roads - New Signal, Left Turn or Pedestrian Light Request",OS - Mobility,409,342,67,75.91,188
CFD - Incident Report Request,CS - Calgary Fire,407,319,88,112.99,287
VFH - Taxi/Limousine/TNC (Ride Sharing) Concern - RMS,CS - Emergency Management and Community Safety,405,6,399,5.83,0
WATS - Property Rehab,OS - Water Services,399,84,315,24.01,60
Roads - Street Paving Program,OS - Mobility,396,198,198,9.62,182
WATS - Hydrant Connection Unit - HCU Inspections,OS - Water Services,395,3,392,2.13,0
Recreation - Boat Stall Application,CS - Recreation and Social Programs,388,3,385,3.46,2
CFD - Special Events Inspection - FHB,CS - Calgary Fire,384,14,370,14.8,6
AT - BIA Tax Account Inquiry,CPFS - Assessment and Tax,379,2,377,3.34,0
CFD - Life Safety Systems Inspection - FHB,CS - Calgary Fire,376,105,271,37.78,79
CT AC - Trip Feedback - Southland,OSC - Calgary Transit,376,0,376,1.78,0
AS - Animal Bite,CS - Emergency Management and Community Safety,368,4,364,1.88,2
Parks - General Concerns,OS - Parks and Open Spaces,360,15,345,10.32,8
CFD - Land Search - Property Search,CS - Calgary Fire,358,165,193,43.01,133
RSP - Volunteer Request,CS - Recreation and Social Programs,357,0,357,8.48,0
Law - Insurance and Claims,LLSS - Law,355,2,353,4.17,1
WATS - Drainage Bylaw,OS - Water Services,349,206,143,62.97,180
WRS - Landfill - Disposal Information,OS - Waste and Recycling Services,337,1,336,2.04,0
RSP - Registered Social Worker Letter,CS - Recreation and Social Programs,335,1,334,2.31,0
PSD - Local Improvement Inquiry,IS - Public Spaces Delivery,330,5,325,9.4,0
Facility Mgmt - FMCCC - Customer Care Centre,OS - Facility Management,328,5,323,7.64,2
CT - CTrain Schedule,OS - Calgary Transit,322,12,310,10.77,2
Roads - Pavement Markings - Missing or Faded,OS - Mobility,313,27,286,70.67,13
AS - Animal Chase - Threat,CS - Emergency Management and Community Safety,312,3,309,1.58,1
Recreation - Tennis / Pickleball Court Application,CS - Recreation and Social Programs,311,4,307,11.99,4
CFD - Fire Safety Plan Review - FHB,CS - Calgary Fire,302,31,271,18.0,6
AS - Animal Damaging Pet or Property,CS - Emergency Management and Community Safety,299,7,292,2.9,7
CT - Bus or CTrain Vehicle Maintenance,OS - Calgary Transit,289,12,277,10.5,7
WATS - Fire Hydrant Flow Test,OS - Water Services,286,2,284,9.54,2
Bylaw - Spills Concerns,CS - Emergency Management and Community Safety,279,51,228,36.18,25
Parks - Planning Inquiries,OS - Parks and Open Spaces,278,14,264,6.9,8
CPBS - Bridge - Tunnel - Underpass Concern,IS - Capital Planning and Business Services,273,8,265,2.74,3
AT - Property Details,CPFS - Assessment and Tax,267,0,267,4.95,0
PSD - Driveway Crossings - Curb Lowering,IS - Public Spaces Delivery,263,8,255,12.42,2
WRS - Brochures,OS - Waste and Recycling Services,254,4,250,4.93,0
Roads - Repaving Candidate Street and Inquiries,OS - Mobility,252,20,232,16.05,17
CFD - Fire Truck Booking,CS - Calgary Fire,248,3,245,9.04,0
WATS - Water Equipment Pickup - MAX,OS - Water Services,241,2,239,3.15,1
WATS - Water Wagon Issues,OS - Water Services,234,0,234,1.25,0
CFD - Mobile Food Concession Inspection - FHB,CS - Calgary Fire,233,5,228,20.15,3
Finance - ONLINE eBill Inquiry,CPFS - Finance,230,0,230,1.11,0
Recreation - Arena Meeting Room Application,CS - Recreation and Social Programs,230,5,225,2.93,2
DBBS - Unsafe Derelict or Unsecure Property,"PDS - Development, Business and Building Services",226,0,226,1.59,0
Parks - Golf Course Inquiry,OS - Parks and Open Spaces,221,1,220,2.4,0
Bylaw - Vandalism and Property Damage Concerns,CS - Emergency Management and Community Safety,220,20,200,7.54,13
Parks - Lighting Concern - GIS,OS - Parks and Open Spaces,210,4,206,3.86,1
DBBS Concern - Electrical,"PDS - Development, Business and Building Services",200,8,192,4.97,1
MC - calgary.ca Feedback,PICS - Marketing and Communication,200,7,193,8.49,1
Parks - Lost and Found - GIS,OS - Parks and Open Spaces,199,6,193,6.06,1
CT - Park and Ride Lot - LRT or Bus,OS - Calgary Transit,197,24,173,24.06,12
WATS - Water Service Fee Invoice,OS - Water Services,197,0,197,2.19,0
WATS - Drainage Concerns,OS - Water Services,195,68,127,65.2,57
Finance - Corporate Billing and eBill Inquiry,CPFS - Finance,194,0,194,1.05,0
RSP - Athletic Park Inquiry,CS - Recreation and Social Programs,192,7,185,14.59,1
WATS - Bulk Water Accounts and Air Gap Vehicle Inspection,OS - Water Services,191,3,188,10.1,0
WATS - Tap Water Sampling Program,OS - Water Services,189,81,108,44.45,64
WATS - Storm Pond Concerns,OS - Water Services,188,7,181,5.66,3
Public - Municipal Complex - Atrium or Plaza Use Request,OS - Facility Management,187,81,106,49.65,67
RSP - Arena Inquiry,CS - Recreation and Social Programs,186,5,181,14.68,1
AT - Assessment Property Details,CPFS - Assessment and Tax,183,5,178,7.59,3
PSD - Transportation Special Projects,IS - Public Spaces Delivery,182,3,179,9.22,0
ACPL - No Cost Spay or Neuter Program Inquiries,CS - Emergency Management and Community Safety,178,4,174,1.17,3
CT - Snow and Ice Control,OS - Calgary Transit,174,0,174,6.21,0
CFD - Smoke Alarm Inquiries - Asst. for Seniors/Disabled,CS - Calgary Fire,173,4,169,2.96,4
DBBS - Urgent Safety Response,"PDS - Development, Business and Building Services",170,0,170,1.69,0
Roads - E-Scooter,OS - Mobility,164,39,125,1.13,39
ERR - Watering Schedule,PDS - Environmental Risk & Resilience,154,4,150,21.07,4
PD - Noise Barrier Wall,IS - Project Development,154,9,145,8.96,0
Roads - Traffic Signal Lane Designation Sign,OS - Mobility,154,93,61,7.85,83
WRS - Landfill - Industrial Permit or Inquiry,OS - Waste and Recycling Services,154,0,154,1.01,0
Parks - School Program Registration,OS - Parks and Open Spaces,152,1,151,2.14,1
PSD - Annual Paving Program - Major Roads,IS - Public Spaces Delivery,149,3,146,2.79,0
WATS - Basement Seepage,OS - Water Services,148,0,148,1.17,0
BIA Requests,CS - Partnerships,144,0,144,0.49,0
Parks - NAM - Inactive Camp Clean Up - GIS INTERNAL,OS - Parks and Open Spaces,144,13,131,4.56,0
Parks - Playfield Usage Concerns,OS - Parks and Open Spaces,141,6,135,10.13,4
CFD - Request to attend a Fire Drill - FHB,CS - Calgary Fire,140,43,97,56.34,28
Recreation - LC - Gym/Room/Courts Booking Application,CS - Recreation and Social Programs,139,4,135,4.01,1
WATS - Flat to Meter Appointment,OS - Water Services,137,42,95,32.74,18
CPBS - Addressing Inquiry,IS - Capital Planning and Business Services,135,5,130,5.64,0
WATS - Water Billing Concerns,OS - Water Services,131,1,130,4.22,0
WRS - Landfill - Accounts and Billing,OS - Waste and Recycling Services,128,0,128,2.37,0
Partnerships - Community Association Inquiries,CS - Partnerships,127,1,126,4.95,0
CFD - Fireworks Pyro Open Flame Blasting Inspection - FHB,CS - Calgary Fire,126,3,123,16.34,0
PSD - Backlane Paving Construction,IS - Public Spaces Delivery,125,1,124,3.44,1
Parks - Pest Management,OS - Parks and Open Spaces,124,0,124,4.6,0
Recreation - School Connections Booking Application,CS - Recreation and Social Programs,124,17,107,51.05,7
AS - Animal Public Relations,CS - Emergency Management and Community Safety,121,0,121,4.55,0
IT - City Online - Concern,PICS - Information Technology,121,0,121,1.08,0
Parks - Community Inquiry,OS - Parks and Open Spaces,120,8,112,13.85,3
CP - Indemnification Agreements,PDS - Community Planning,118,12,106,14.83,0
WRS - Landfill - Operations,OS - Waste and Recycling Services,117,1,116,3.09,0
AS - Urban Livestock Licenses and Permits,CS - Emergency Management and Community Safety,116,7,109,19.94,3
Parks - Tree Education Programs,OS - Parks and Open Spaces,116,0,116,11.31,0
WATS - Bulk Water Station Inquiries,OS - Water Services,116,0,116,4.67,0
WRS - Collection Schedule Inquiry,OS - Waste and Recycling Services,116,1,115,3.79,0
CFD - Invoice Inquiry,CS - Calgary Fire,113,11,102,12.41,1
AT - (PTAP) Property Tax Assistance Program Inquiry,CPFS - Assessment and Tax,111,0,111,3.46,0
WATS - Temporary Water Line Issues,OS - Water Services,111,0,111,1.36,0
CT AC - Activity Report - Checker INTERNAL,OSC - Calgary Transit,110,0,110,2.86,0
"Partnerships - Festival, Events and Cultural Development",CS - Partnerships,110,3,107,5.58,1
Roads - BIA Maintenance,OS - Mobility,109,11,98,2.55,11
DBBS - SDI - New Subdivision Surface Inspection,"PDS - Development, Business and Building Services",107,1,106,15.39,0
WRS - School Landfill Tours Lottery,OS - Waste and Recycling Services,107,0,107,1.13,0
AT - BTIPP Agreement Request,CPFS - Assessment and Tax,105,0,105,4.84,0
PSD - Major Road Projects Inquiry,IS - Public Spaces Delivery,104,4,100,1.84,0
CFD - Occupant Load Inspection - FHB,CS - Calgary Fire,102,8,94,10.26,3
CFD - Safe Housing - FHB,CS - Calgary Fire,100,1,99,10.21,0
CRP - Historical Hydrant Data or Flow Test,PDS - City and Regional Planning,96,18,78,13.92,1
WRS - Bin Checks,OS - Waste and Recycling Services,96,0,96,1.49,0
Roads - Traffic Signal Construction Inquiry,OS - Mobility,95,20,75,5.61,17
CT AC - Activity Report - Care Calgary INTERNAL,OSC - Calgary Transit,93,1,92,5.07,0
DBBS Concern - Heating and Ventilation,"PDS - Development, Business and Building Services",93,3,90,5.64,3
Parks - Volunteer Request,OS - Parks and Open Spaces,92,3,89,2.8,3
PSD - Parks and Open Spaces,IS - Public Spaces Delivery,91,1,90,3.63,0
Parks - Irrigation Line Location Request - GIS,OS - Parks and Open Spaces,91,2,89,7.24,2
CSC - Calgary.ca Feedback and Issue Report,PICS - Customer Service and Communications,90,0,90,5.54,0
AT - School Support Notice Document Request,CPFS - Assessment and Tax,87,0,87,6.25,0
Bylaw - Water Services Request,CS - Emergency Management and Community Safety,87,19,68,31.74,13
Mayors Office - General Concerns,Elected Officials,86,0,86,0.01,0
RSP - Pool - Killarney,CS - Recreation and Social Programs,86,0,86,8.48,0
WRS - Disposal Guide Tool Feedback,OS - Waste and Recycling Services,86,0,86,0.0,0
Green Line - Spill and Substance Release Report (X217),OSC - Greenline,85,2,83,1.7,1
Green Line Inquiry,IS - Green Line LRT - SE Project,85,0,85,6.99,0
Finance - Accounts Payable,CPFS - Finance,84,0,84,2.17,0
RSP - Southland Leisure Centre Inquiry,CS - Recreation and Social Programs,84,2,82,4.49,1
CFD - Fire Safety Presentation,CS - Calgary Fire,83,0,83,2.53,0
REDS - Property Leasing and Sales Inquiry,IS - Real Estate and Development Services,83,0,83,2.06,0
PD - Future Road Planning and Upgrades,IS - Project Development,77,3,74,6.19,0
WRS - Landfill - Clean Fill,OS - Waste and Recycling Services,77,1,76,1.36,0
AS - Livestock and Bird(s) in the City,CS - Emergency Management and Community Safety,76,4,72,9.36,1
CT AC - Activity Report - Southland INTERNAL,OSC - Calgary Transit,76,0,76,2.29,0
REDS - Encroachment Agreements on City Land,IS - Real Estate and Development Services,76,0,76,3.71,0
RSP - Pool - Canyon Meadows,CS - Recreation and Social Programs,75,4,71,11.25,2
WATS - Lot Grading,OS - Water Services,74,34,40,54.63,28
Roads - Sidewalk Installation and Accessibility,OS - Mobility,70,25,45,23.71,15
Recreation - Arena Tournament and Special Event Applicatio,CS - Recreation and Social Programs,69,8,61,35.57,6
Roads - Traffic Signal Operation Report - Intersection Pla,OS - Mobility,67,12,55,31.44,4
RSP - Pool - Renfrew,CS - Recreation and Social Programs,66,0,66,3.83,0
CE - Water Restrictions,PDS - Climate and Environment,65,0,65,4.6,0
Roads - Feedback - Community Traffic Safety Projects,OS - Mobility,64,0,64,0.19,0
WRS - Recycling - Depots,OS - Waste and Recycling Services,64,0,64,1.08,0
WATS - Water Treatment Inquiries,OS - Water Services,62,0,62,3.61,0
PSD - Various Street Improvements - Current Projects,IS - Public Spaces Delivery,61,3,58,3.72,2
RSP - Sport Hub Inquiry,CS - Recreation and Social Programs,61,0,61,5.85,0
AS - Rat Sighting,CS - Emergency Management and Community Safety,60,1,59,1.05,0
RSP - Pool - Bob Bahan,CS - Recreation and Social Programs,60,8,52,17.52,1
RSP - Pool - Thornhill,CS - Recreation and Social Programs,60,0,60,7.82,0
WATS - Industrial Monitoring Inquiry,OS - Water Services,60,2,58,2.72,0
WATS - Water Data Request,OS - Water Services,60,1,59,7.51,0
AS - Animal Park - Pathway Concerns,CS - Emergency Management and Community Safety,59,1,58,1.4,1
Roads - Utility Placement Inquiry,OS - Mobility,59,2,57,5.44,1
Roads - Wheelchair Slope - Request For,OS - Mobility,59,30,29,18.17,26
CAI - Addressing Inquiry,"PICS - Collaboration, Analytics and Innovation",58,0,58,7.43,0
DBBS - SDI - Utility Inspection,"PDS - Development, Business and Building Services",58,1,57,6.63,1
RSP - Pool - Sir Winston Churchill,CS - Recreation and Social Programs,56,0,56,13.32,0
CPBS - Plus 15 Skywalk,IS - Capital Planning and Business Services,55,0,55,3.15,0
Roads - Shared E-Bike,OS - Mobility,55,35,20,6.8,35
Roads - Shared and Rental E-Scooter Program,OS - Mobility,54,38,16,0.06,36
AS - Animal Tethered -Tied,CS - Emergency Management and Community Safety,53,1,52,1.48,1
RSP - Calgary AfterSchool Program Inquires,CS - Recreation and Social Programs,53,2,51,6.51,0
AS - Human Injury,CS - Emergency Management and Community Safety,52,0,52,2.56,0
ACPL - Bite Prevention Program Application,CS - Emergency Management and Community Safety,51,25,26,56.77,20
ERR - Water Conservation Programs,PDS - Environmental Risk & Resilience,50,0,50,9.96,0
CFD - Community Safety Inquiries,CS - Calgary Fire,49,3,46,3.57,2
WRS - Multifamily Recycling and Composting,OS - Waste and Recycling Services,49,0,49,3.86,0
Bylaw - Advocacy Sign Concerns,CS - Emergency Management and Community Safety,48,0,48,2.98,0
CFD - SCHOOL Fire Drill with Local Fire Station - ONLINE,CS - Calgary Fire,47,0,47,1.94,0
CP - Community Planning - General Inquiries,PDS - Community Planning,47,2,45,13.31,0
Fleet and Inventory - Inquiry,OS - Fleet and Inventory,45,0,45,4.82,0
WATS - Developer Request for Parks Irrigation Meter,OS - Water Services,45,25,20,43.15,19
WATS - Wastewater Treatment Information,OS - Water Services,45,1,44,4.39,0
Parks - Seasonal Vendor Application,OS - Parks and Open Spaces,44,0,44,28.82,0
RSP - Booking Inquiry,CS - Recreation and Social Programs,44,0,44,4.0,0
RSP - Program Registration Inquiry,CS - Recreation and Social Programs,43,2,41,9.32,2
WATS - Location of Underground Water Lines - MAX,OS - Water Services,41,0,41,2.8,0
RSP - Pool - Inglewood,CS - Recreation and Social Programs,40,2,38,4.21,0
Parks - Mosquito Concerns,OS - Parks and Open Spaces,39,1,38,8.87,0
RSP - Calgary Soccer Centre Inquiry,CS - Recreation and Social Programs,38,0,38,5.95,0
RSP - Pool - Glenmore,CS - Recreation and Social Programs,38,0,38,7.24,0
Recreation - Sailing School Application,CS - Recreation and Social Programs,38,3,35,43.8,1
WRS - Education Inquiries,OS - Waste and Recycling Services,38,1,37,31.16,0
DBBS Concern - Plumbing and Gas,"PDS - Development, Business and Building Services",37,1,36,4.83,0
MC - Calgary.ca Feedback and Issue Report,PICS - Marketing and Communication,37,0,37,4.62,0
Calgary Housing - General Inquiry,AO - Calgary Housing,36,4,32,22.88,2
RSP - Pool - Administration Inquiry,CS - Recreation and Social Programs,36,0,36,5.61,0
CAI - City Online - Concern,"PICS - Collaboration, Analytics and Innovation",35,0,35,2.29,0
CP - Water Development Inquiry,PDS - Community Planning,35,0,35,27.94,0
PSD - Bridges and Structures Inquiry,IS - Public Spaces Delivery,35,1,34,3.47,0
RSP - Village Square Leisure Centre Inquiry,CS - Recreation and Social Programs,35,1,34,13.38,0
AS - Animal Injured,CS - Emergency Management and Community Safety,34,0,34,0.56,0
RSP - Glenmore Reservoir - Boat Rentals,CS - Recreation and Social Programs,34,0,34,6.79,0
WRS - Special Collection,OS - Waste and Recycling Services,34,0,34,5.29,0
CPBS - Wooden Stairs - Repairs,IS - Capital Planning and Business Services,33,0,33,3.61,0
Supply - General Inquiries,CPFS - Supply Management,33,0,33,8.0,0
AS - Animal Services Assistance Required,CS - Emergency Management and Community Safety,32,1,31,0.68,1
CPBS - Water and Sewer Main Condition Inquiries,IS - Capital Planning and Business Services,32,2,30,9.37,0
Bylaw - Cannabis Concerns,CS - Emergency Management and Community Safety,30,20,10,5.3,15
CT - Projects,OS - Calgary Transit,30,5,25,15.76,1
RSP - Pool - Foothills,CS - Recreation and Social Programs,30,0,30,8.63,0
Partnerships - Public Art,CS - Partnerships,29,1,28,5.71,1
City Clerks - Municipal Election Question,LLSS - City Clerk's Office,28,0,28,14.75,0
CEMA - Non Emergency Request,CS - Emergency Management and Community Safety,27,0,27,2.74,0
CFD - Compliments / Thank You / Recognition,CS - Calgary Fire,27,2,25,12.48,0
DBBS - SDI - Surface Indemnification Inspection,"PDS - Development, Business and Building Services",27,4,23,10.39,1
Roads - Traffic Camera and ATIS Inquiries,OS - Mobility,27,1,26,1.62,1
ERR - Environmental Inquiries,PDS - Environmental Risk & Resilience,26,1,25,7.88,1
CRP - City and Regional Planning General Inquiries,PDS - City and Regional Planning,25,1,24,28.33,0
Parks - Cemetery - Maintenance - GIS,OS - Parks and Open Spaces,25,1,24,10.75,1
RSP - Snow Angels Campaign,CS - Recreation and Social Programs,25,0,25,6.2,0
Roads - Traffic Control Change Feedback,OS - Mobility,25,1,24,0.0,1
Bylaw - Public Relations,CS - Emergency Management and Community Safety,24,0,24,1.04,0
CE - Water Conservation Programs,PDS - Climate and Environment,24,0,24,1.79,0
CFD - Building in Progress Inspection - FHB,CS - Calgary Fire,24,0,24,6.21,0
PSD - Downtown Major Projects,IS - Public Spaces Delivery,24,1,23,11.22,0
Parks - Snow and Ice Concerns - GIS,OS - Parks and Open Spaces,24,0,24,9.79,0
RSP - Pool - Shouldice,CS - Recreation and Social Programs,24,0,24,3.33,0
CE - Environmental Inquiries,PDS - Climate and Environment,23,0,23,4.91,0
DBBS - Unsafe Derelict or Insecure Property,"PDS - Development, Business and Building Services",23,0,23,0.48,0
Roads - Bike Rack Request - NEW,OS - Mobility,23,17,6,19.33,15
Roads - New Audible/Accessible Pedestrian Signal,OS - Mobility,23,11,12,5.33,10
UD - Corrosion - Digging Close to Critical Main,IS - Utilities Delivery,23,0,23,4.91,0
AS - No Control Dog in Off Leash Area,CS - Emergency Management and Community Safety,22,0,22,2.64,0
VFH - Taxi/Limousine/TNC (Ride Sharing) Compliment - RMS,CS - Emergency Management and Community Safety,22,1,21,6.24,0
Filming and Movie and Drone Activities,OS - Operational Excellence,21,2,19,3.42,0
PSD - Events Centre - Scotia Place,IS - Public Spaces Delivery,21,0,21,5.1,0
PSD - Geotechnical Inquiry,IS - Public Spaces Delivery,21,0,21,15.29,0
WATS - Water Run Inquiry - MAX,OS - Water Services,21,0,21,3.67,0
WRS - Landfill - Diversion Programs,OS - Waste and Recycling Services,21,0,21,0.52,0
CFD - 100th Birthday Surprise,CS - Calgary Fire,20,1,19,8.11,1
Community Safety - Publications Request,CS - Emergency Management and Community Safety,20,1,19,1.89,1
PD - Neighbourhood Streets Projects,IS - Project Development,20,0,20,6.05,0
Roads - Transportation Data,OS - Mobility,20,2,18,5.83,2
CAO - Chief Administrator's Office Inquiry,LLSS - Chief Administrators Office,19,0,19,3.32,0
CFD - Tank Inspection - FHB,CS - Calgary Fire,19,1,18,8.5,0
Mayors Office - Neighbour Day Event Invite,Elected Officials,19,0,19,0.0,0
Partnerships - Sport and Facility Development,CS - Partnerships,19,0,19,7.84,0
Roads - Traffic Vibration Concerns,OS - Mobility,19,3,16,7.31,1
CT - Bikes on Transit,OS - Calgary Transit,18,4,14,11.57,2
PSD - Buildings - Architecture,IS - Public Spaces Delivery,18,0,18,9.67,0
RSP - Glenmore Reservoir - Boat Dock/Storage Repair,CS - Recreation and Social Programs,18,0,18,9.33,0
ACPL - Wise Whiskers  Think Like a Scientist Class Kit,CS - Emergency Management and Community Safety,17,7,10,13.7,2
PSD - Major Transit Projects Inquiry,IS - Public Spaces Delivery,17,0,17,2.65,0
Roads - Traffic Signal Operation Report - Intersection Plan,OS - Mobility,17,0,17,22.94,0
WRS - Waste Requirements for Businesses,OS - Waste and Recycling Services,17,0,17,2.82,0
CHO - Affordable Housing,CEO - Chief Housing Office,16,0,16,32.44,0
RSP - Glenmore Sailing School Inquiry,CS - Recreation and Social Programs,16,1,15,6.87,0
WRS - Recycling - Community,OS - Waste and Recycling Services,16,0,16,4.81,0
AS - Unlicensed Animal,CS - Emergency Management and Community Safety,15,0,15,5.93,0
CFD - Hazmat Inquiries,CS - Calgary Fire,14,2,12,8.58,0
CFD - Technical Services Review - FHB,CS - Calgary Fire,14,2,12,8.0,0
City Clerks - Self-Guided Municipal Complex Tour,LLSS - City Clerk's Office,14,3,11,13.55,0
LEAD Program Inquiry,CS - Recreation and Social Programs,14,0,14,5.57,0
Mayors Office - Meeting Request,Elected Officials,14,0,14,0.0,0
Roads - Shared and Rental E-Bike Program,OS - Mobility,14,10,4,0.0,8
CFD - Lockbox Programming or Billing Concern,CS - Calgary Fire,13,0,13,13.92,0
CFD - Missed Annual Inspection - FHB,CS - Calgary Fire,13,3,10,26.7,3
CFD - Public Affairs Inquiries,CS - Calgary Fire,13,2,11,12.55,0
City Clerks - General Concerns,LLSS - City Clerk's Office,13,0,13,4.46,0
REDS - Acquisitions and Expropriations,IS - Real Estate and Development Services,13,0,13,4.85,0
REDS - Development Project Inquiry,IS - Real Estate and Development Services,13,0,13,3.69,0
Comm Strategies - General Concerns,CS - Community Strategies,12,0,12,4.5,0
Corporate Research Inquiry,PICS - 311 and Insights,12,2,10,3.3,2
IT - GIS Mapping and Analysis Inquiry,PICS - Information Technology,12,0,12,2.83,0
AS - Excess Pet Concern,CS - Emergency Management and Community Safety,11,0,11,4.55,0
ERR - Riparian - Riverbank Inquiries,PDS - Environmental Risk & Resilience,11,1,10,10.1,0
ERR - Watershed,PDS - Environmental Risk & Resilience,11,1,10,4.5,0
Roads - Load Ban and Overweight Vehicle on Road Inquiry,OS - Mobility,11,0,11,6.82,0
RSP - Free Summer Programs,CS - Recreation and Social Programs,10,0,10,5.9,0
RSP - Home Services for Seniors - Bylaw Concern,CS - Recreation and Social Programs,10,0,10,9.9,0
Recreation - Arena Tournament and Special Event Application,CS - Recreation and Social Programs,10,0,10,4.4,0
CAI - GIS Mapping and Analysis Inquiry,"PICS - Collaboration, Analytics and Innovation",9,0,9,2.78,0
CHO - Affordable Housing,CS - Chief Housing Office,9,0,9,2.44,0
AS - Animal Vehicle Offences,CS - Emergency Management and Community Safety,8,0,8,2.0,0
AS - Professional Dogwalker Permit,CS - Emergency Management and Community Safety,8,0,8,33.0,0
Law - General Concern - After Hours,LLSS - Law,8,0,8,6.25,0
Mayors Office - Birthday or Anniversary Request,Elected Officials,8,0,8,0.0,0
AS - Animal Interference,CS - Emergency Management and Community Safety,7,0,7,6.29,0
CE - Treatment Plant Tours,PDS - Climate and Environment,7,0,7,11.86,0
Downtown Strategy - General Inquiries,PDS - Downtown Strategy,7,1,6,6.0,0
IT - Public WiFi - Shaw Go WiFi at City Facilities,PICS - Information Technology,7,0,7,0.0,0
CE - Watershed,PDS - Climate and Environment,6,0,6,19.0,0
CFD - Pre-Purchase Insurance Inspection- FHB,CS - Calgary Fire,6,1,5,15.6,1
CSC - Corporate Research Inquiry,PICS - Customer Service and Communications,5,1,4,3.25,1
Downtown Strategy - General Inquiries,N/A,5,0,5,36.2,0
ERR - Treatment Plant Tours,PDS - Environmental Risk & Resilience,5,0,5,16.2,0
ERR - Water Restrictions,PDS - Environmental Risk & Resilience,5,0,5,5.8,0
Roads - Adaptive Roadways and Seasonal Patio Programs,OS - Mobility,5,0,5,14.2,0
WATS - Treatment Plant Tours,OS - Water Services,4,0,4,5.0,0
AS - Excess Pet Permit,CS - Emergency Management and Community Safety,3,0,3,38.33,0
CP - Public Infrastructure Inquiry,PDS - Community Planning,3,0,3,9.67,0
City Auditors - General Inquiries,Office of the City Auditor,3,0,3,3.33,0
Comm Strategies - Disability/Accessibility - Meeting & Eve,CS - Community Strategies,3,1,2,33.5,1
Comm Strategies - Disability/Accessibility - Meeting & Event,CS - Community Strategies,3,0,3,4.0,0
DBBS - Emergency Electrical Reconnection,"PDS - Development, Business and Building Services",3,2,1,2.0,2
RSP - Mobile Adventure Playground,CS - Recreation and Social Programs,3,0,3,22.67,0
Bylaw - Beyond the Badge Program Request,CS - Emergency Management and Community Safety,2,2,0,,1
CAI - Block Profile Inquiry,"PICS - Collaboration, Analytics and Innovation",2,0,2,7.0,0
CAI - City Online - Feedback Form Only,"PICS - Collaboration, Analytics and Innovation",2,0,2,0.0,0
CAI - Electronic Data Request,"PICS - Collaboration, Analytics and Innovation",2,0,2,23.5,0
CE - Riparian - Riverbank Inquiries,PDS - Climate and Environment,2,0,2,2.0,0
CE - Water Brochure,PDS - Climate and Environment,2,0,2,3.5,0
ERR - Water Brochure,PDS - Environmental Risk & Resilience,2,0,2,6.5,0
IT - Block Profile Inquiry,PICS - Information Technology,2,0,2,1.0,0
IT - City Fibre Request,PICS - Information Technology,2,1,1,13.0,1
IT - Electronic Data Request,PICS - Information Technology,2,1,1,15.0,0
Project Development - Employee Complaint - Compliment,IS - Project Development,2,0,2,19.5,0
Regulatory Affairs - General Inquiry,CPFS - Finance,2,0,2,0.0,0
CP - Re-Use of Existing Site Services,PDS - Community Planning,1,1,0,,0
Mayors Office - Event Invitation,Elected Officials,1,0,1,0.0,0
Partnerships - Housing Solutions,CS - Partnerships,1,0,1,3.0,0
Roads - 5G Wireless Infrastructure Deployment Inquiry,OS - Mobility,1,1,0,,0
